"mz","rt","Sample with Max Intensity","Formula","SMILES","Match Score"
"303.2002563","7.121183333","100_300_Neg_JeansG.mzXML","C14H27NO3","CCCCC(CC)C(=O)NCCCCCC(O)=O","-5.38931362"
"305.2163493","6.086483333","100_300_Neg_JeansC.mzXML","C15H33NO6","OCCCOCCN(CCOCCCO)CCOCCCO","-0.474045003050974"
"305.2163493","6.086483333","100_300_Neg_JeansC.mzXML","C15H33NO6","COCCOCCN(CCOCCOC)CCOCCOC","-0.474045003050974"
"305.2163493","6.086483333","100_300_Neg_JeansC.mzXML","C14H29NO3","CCCCCCCCCC(=O)N(CCO)CCO","-0.474045003050974"
"305.2163493","6.086483333","100_300_Neg_JeansC.mzXML","C14H29NO3","CCCCCCCCCC(O)=O.C1COCCN1","-0.474045003050974"
"305.2163493","6.086483333","100_300_Neg_JeansC.mzXML","C14H29NO3","CC(C)CCCCCOCCCNCCC(O)=O","-0.474045003050974"
"305.2163493","6.086483333","100_300_Neg_JeansC.mzXML","C15H33NO6","OCCCOCCN(CCOCCCO)CCOCCCO","-0.474045003050974"
"305.2163493","6.086483333","100_300_Neg_JeansC.mzXML","C15H33NO6","COCCOCCN(CCOCCOC)CCOCCOC","-0.474045003050974"
"305.2163493","6.086483333","100_300_Neg_JeansC.mzXML","C14H29NO3","CCCCCCCCCC(=O)N(CCO)CCO","-0.474045003050974"
"305.2163493","6.086483333","100_300_Neg_JeansC.mzXML","C14H29NO3","CCCCCCCCCC(O)=O.C1COCCN1","-0.474045003050974"
"305.2163493","6.086483333","100_300_Neg_JeansC.mzXML","C14H29NO3","CC(C)CCCCCOCCCNCCC(O)=O","-0.474045003050974"
"309.1532186","5.043216667","100_300_Neg_JeansC.mzXML","C15H21NO3","OC(=O)C=C.C=Cc1ccccc1.C2COCCN2","-4.964184517"
"309.1743368","5.77165","100_300_Neg_JeansF.mzXML","C14H30O5S","CCCCCCCCCCCCOCCO[S](O)(=O)=O","1.01875958231955"
"309.1743368","5.77165","100_300_Neg_JeansF.mzXML","C13H28O3S","CCCCCCCCCCCCC[S](O)(=O)=O","0.0187595823195453"
"309.1743368","5.77165","100_300_Neg_JeansF.mzXML","C17H26N2O","CCN1c2cc(NC(=O)CC)ccc2C(C)CC1(C)C","0"
"309.1746521","5.680033333","100_300_Neg_JeansC.mzXML","C14H30O5S","CCCCCCCCCCCCOCCO[S](O)(=O)=O","-3.353092577"
"311.1693115","5.564266667","100_300_Neg_JeansC.mzXML","C16H25NO5","CCOC(=O)C(C)=C.CC(=C)C(O)=O.C=CN1CCCC1=O","0.525906218339095"
"311.1693115","5.564266667","100_300_Neg_JeansC.mzXML","C15H18N8","Cc1ccccc1N=C(N)N=C(N)N.[nH]2nc3ccccc3n2","0.02555029410782"
"311.1693115","5.564266667","100_300_Neg_JeansC.mzXML","C16H27NO6","CCCCOC(=O)C=C.COC(=O)C(C)=C.OCNC(=O)C=C","-0.474093781660905"
"311.1693115","5.564266667","100_300_Neg_JeansC.mzXML","C15H23NO3","CC(C)(N)CO.OC(=O)C=C.C=Cc1ccccc1","-0.474093781660905"
"311.1693115","5.564266667","100_300_Neg_JeansC.mzXML","C15H23NO3","CC(C)(C)c1ccc(cc1)C(=O)N(CCO)CCO","-0.474093781660905"
"311.1693115","5.564266667","100_300_Neg_JeansC.mzXML","C15H23NO3","CN(C)CCO.OC(=O)C=C.C=Cc1ccccc1","-0.474093781660905"
"313.0786133","10.63985","100_300_Neg_JeansF.mzXML","C22H14","c1ccc2c(c1)ccc3cc4c(ccc5ccccc45)cc23","0"
"313.0786133","10.63985","100_300_Neg_JeansF.mzXML","C22H14","c1ccc2cc3cc4cc5ccccc5cc4cc3cc2c1","0"
"313.0786133","10.63985","100_300_Neg_JeansF.mzXML","C10H12N4O5","OCC1OC(C(O)C1O)n2cnc3C(=O)N=CNc23","-3.24364170772444"
"313.0786133","10.63985","100_300_Neg_JeansF.mzXML","C22H14","c1ccc2c(c1)ccc3cc4c(ccc5ccccc45)cc23","0"
"313.0786133","10.63985","100_300_Neg_JeansF.mzXML","C22H14","c1ccc2cc3cc4cc5ccccc5cc4cc3cc2c1","0"
"313.0786133","10.63985","100_300_Neg_JeansF.mzXML","C10H12N4O5","OCC1OC(C(O)C1O)n2cnc3C(=O)N=CNc23","-3.24364170772444"
"313.2385966","7.786533333","100_300_Neg_JeansF.mzXML","C18H34O4","OC(=O)CCCCCCCCCCCCCCCCC(O)=O","1.0196375019593"
"313.2385966","7.786533333","100_300_Neg_JeansF.mzXML","C18H33BO4","CCCCCCCC\C=C/CCCCCCCC(=O)OB([O-])[O-]","0.519637501959295"
"313.2385966","7.786533333","100_300_Neg_JeansF.mzXML","C17H32O2","CCCCCCCCCCCCCCOC(=O)C=C","0.0196375019592951"
"313.2385966","7.786533333","100_300_Neg_JeansF.mzXML","C17H32O2","CC(CCC=C(C)C)CCC1OC(C)CC(C)(C)O1","0.0196375019592951"
"313.2385966","7.786533333","100_300_Neg_JeansF.mzXML","C17H32O2","CC/C=C/CCCCCCCCO[C@@H]1CCCCO1","0.0196375019592951"
"313.2385966","7.786533333","100_300_Neg_JeansF.mzXML","C18H34O4","CCCCCCCCC(=O)OOC(=O)CCCCCCCC","0"
"313.2385966","7.786533333","100_300_Neg_JeansF.mzXML","C18H34O4","CCC[C@@H](CC)OC(=O)CCCCC(=O)OCC[C@H](C)CC","0"
"313.2387899","5.30005","100_300_Neg_JeansF.mzXML","C18H34O4","CCCCCCCCC(=O)OOC(=O)CCCCCCCC","0"
"313.2387899","5.30005","100_300_Neg_JeansF.mzXML","C18H34O4","CCC[C@@H](CC)OC(=O)CCCCC(=O)OCC[C@H](C)CC","0"
"313.2387899","5.30005","100_300_Neg_JeansF.mzXML","C18H34O4","OC(=O)CCCCCCCCCCCCCCCCC(O)=O","-1.43912546325092"
"313.2387899","5.30005","100_300_Neg_JeansF.mzXML","C18H33BO4","CCCCCCCC\C=C/CCCCCCCC(=O)OB([O-])[O-]","-1.95376571552757"
"313.2387899","5.30005","100_300_Neg_JeansF.mzXML","C17H32O2","CCCCCCCCCCCCCCOC(=O)C=C","-3.299778809704"
"313.2387899","5.30005","100_300_Neg_JeansF.mzXML","C17H32O2","CC(CCC=C(C)C)CCC1OC(C)CC(C)(C)O1","-3.299778809704"
"313.2387899","5.30005","100_300_Neg_JeansF.mzXML","C17H32O2","CC/C=C/CCCCCCCCO[C@@H]1CCCCO1","-3.299778809704"
"315.1818034","4.048416667","100_300_Neg_JeansF.mzXML","C12H30NO6P","CC(C)CCCCCO[P](O)(O)=O.OCCNCCO","0.851373349291853"
"315.1818034","4.048416667","100_300_Neg_JeansF.mzXML","C12H30NO6P","CCCCN(CCCC)CCOCCO.O[P](O)(O)=O","0.851373349291853"
"315.1818034","4.048416667","100_300_Neg_JeansF.mzXML","C12H30NO6P","CCCCC(CC)CO[P](O)(O)=O.OCCNCCO","0.851373349291853"
"315.1818034","4.048416667","100_300_Neg_JeansF.mzXML","C15H26O4","O=C1CCCCCCCCCCCC(=O)OCCO1","-3.1468700539314"
"315.1818034","4.048416667","100_300_Neg_JeansF.mzXML","C15H26O4","CCCCC(CC)COC(=O)C=C.COC(=O)C=C","-3.1468700539314"
"315.2544454","5.21285","100_300_Neg_JeansF.mzXML","C17H34O2","CCCCCCCCCCCCCCCC(=O)OC","-1.18941183401464"
"315.2544454","5.21285","100_300_Neg_JeansF.mzXML","C17H34O2","CCCCCCCCCCCCCCOC(=O)CC","-1.18941183401464"
"315.2544454","5.21285","100_300_Neg_JeansF.mzXML","C17H34O2","CCCCCCCCCCCC(=O)OCCC(C)C","-1.18941183401464"
"315.2544454","5.21285","100_300_Neg_JeansF.mzXML","C17H34O2","CCCCCCCCCCCCCCC(C)C(O)=O","-1.18941183401464"
"315.2544454","5.21285","100_300_Neg_JeansF.mzXML","C17H34O2","CCCCCCCCCCCCCCCCC(O)=O","-1.18941183401464"
"315.2544454","5.21285","100_300_Neg_JeansF.mzXML","C17H34O2","CCCCCCCCCCCCCC(CC)C(O)=O","-1.18941183401464"
"315.2544454","5.21285","100_300_Neg_JeansF.mzXML","C17H34O2","CCCCC(CC)COC(=O)CC(C)CC(C)(C)C","-1.18941183401464"
"315.2544454","5.21285","100_300_Neg_JeansF.mzXML","C17H34O2","CCCCC(CC)COC(=O)CCCCCC(C)C","-1.18941183401464"
"315.2544454","5.21285","100_300_Neg_JeansF.mzXML","C17H34O2","CCCCCCCCCCCCCCOCC1CO1","-1.58941183401464"
"316.2576803","5.21285","100_300_Neg_JeansF.mzXML","C17H34O2","CCCCCCCCCCCCCCCC(=O)OC","2.01714422794941"
"316.2576803","5.21285","100_300_Neg_JeansF.mzXML","C17H34O2","CCCCCCCCCCCCCCOC(=O)CC","2.01714422794941"
"316.2576803","5.21285","100_300_Neg_JeansF.mzXML","C17H34O2","CCCCCCCCCCCC(=O)OCCC(C)C","2.01714422794941"
"316.2576803","5.21285","100_300_Neg_JeansF.mzXML","C17H34O2","CCCCCCCCCCCCCCC(C)C(O)=O","2.01714422794941"
"316.2576803","5.21285","100_300_Neg_JeansF.mzXML","C17H34O2","CCCCCCCCCCCCCCCCC(O)=O","2.01714422794941"
"316.2576803","5.21285","100_300_Neg_JeansF.mzXML","C17H34O2","CCCCCCCCCCCCCC(CC)C(O)=O","2.01714422794941"
"316.2576803","5.21285","100_300_Neg_JeansF.mzXML","C17H34O2","CCCCC(CC)COC(=O)CC(C)CC(C)(C)C","2.01714422794941"
"316.2576803","5.21285","100_300_Neg_JeansF.mzXML","C17H34O2","CCCCC(CC)COC(=O)CCCCCC(C)C","2.01714422794941"
"316.2576803","5.21285","100_300_Neg_JeansF.mzXML","C17H34O2","CCCCCCCCCCCCCCOCC1CO1","1.61714422794941"
"319.2317708","7.892916667","100_300_Neg_JeansC.mzXML","C15H31NO3","CCCCCCCCCCC(=O)N(CCO)CCO","-0.474152600451583"
"319.2317708","7.892916667","100_300_Neg_JeansC.mzXML","C15H31NO3","CCCCCCCCCCC(=O)NCCOCCO","-0.474152600451583"
"321.1745097","5.301816667","100_300_Neg_JeansG.mzXML","C15H30O5S","CCCCCCCCCCCCC(C(=O)OC)[S](O)(=O)=O","-1.751513049"
"321.2109477","8.428766667","100_300_Neg_JeansF.mzXML","C15H32O2S","CCCCCCCCCCCCSCC(O)CO","-4.178208071"
"322.1779175","5.301816667","100_300_Neg_JeansG.mzXML","C15H30O5S","CCCCCCCCCCCCC(C(=O)OC)[S](O)(=O)=O","-2.396887807"
"321.2107849","8.377783333","100_300_Neg_JeansG.mzXML","C15H32O2S","CCCCCCCCCCCCSCC(O)CO","-2.044210535"
"322.2143453","8.428766667","100_300_Neg_JeansF.mzXML","C19H30O4","COC(=O)C(C)=C.CC(=C)C(=O)O[C@H]1C[C@H]2CC[C@]1(C)C2(C)C","0"
"322.2143453","8.428766667","100_300_Neg_JeansF.mzXML","C15H32O2S","CCCCCCCCCCCCSCC(O)CO","-4.4263488204866"
"323.1902161","6.376466667","100_300_Neg_JeansC.mzXML","C13H27NO5","OCCNCCO.OC(=O)CCCCCCCC=O","-1.473981569"
"321.2109375","8.428766667","100_300_Neg_JeansF.mzXML","C15H32O2S","CCCCCCCCCCCCSCC(O)CO","-5.105975419"
"322.214325","8.428766667","100_300_Neg_JeansF.mzXML","C19H30O4","COC(=O)C(C)=C.CC(=C)C(=O)O[C@H]1C[C@H]2CC[C@]1(C)C2(C)C","0"
"322.214325","8.428766667","100_300_Neg_JeansF.mzXML","C15H32O2S","CCCCCCCCCCCCSCC(O)CO","-5.32572139990568"
"323.1902466","6.34725","100_300_Neg_JeansC.mzXML","C13H27NO5","OCCNCCO.OC(=O)CCCCCCCC=O","-1.473981569"
"325.1847534","6.1154","100_300_Neg_JeansC.mzXML","C17H27NO5","OC(=O)\C=C\C(=O)OCCNC(=O)CCCCCCCCC=C","0.025771588730448"
"325.1847534","6.1154","100_300_Neg_JeansC.mzXML","C18H30O3S","CCCCCCCCCCCCO[S](=O)(=O)c1ccccc1","0"
"325.1847534","6.1154","100_300_Neg_JeansC.mzXML","C16H20N8","Cc1ccc2n[nH]nc2c1.Cc3ccccc3N=C(N)N=C(N)N","-0.8079126521916"
"325.1847534","6.1154","100_300_Neg_JeansC.mzXML","C17H29NO6","CCOC(=O)C=C.COC(=O)C(C)=C.CC1CN1.CC(=C)C(O)=O","-0.974228411269552"
"325.1847534","6.1154","100_300_Neg_JeansC.mzXML","C18H30O3S","CCCCCCCCCCCCc1ccc(cc1)[S](O)(=O)=O","-1.41607705193491"
"325.1847534","6.1154","100_300_Neg_JeansC.mzXML","C18H30O3S","CCCCCCCCCC(CC)c1ccc(cc1)[S](O)(=O)=O","-1.41607705193491"
"325.1847534","6.1154","100_300_Neg_JeansC.mzXML","C18H30O3S","CCC(C(C)CC(C)CC(C)C)c1ccc(cc1)[S](O)(=O)=O","-1.41607705193491"
"326.1881002","6.1154","100_300_Neg_JeansC.mzXML","C18H30O3S","CCCCCCCCCCCCO[S](=O)(=O)c1ccccc1","0"
"326.1881002","6.1154","100_300_Neg_JeansC.mzXML","C21H26O3","CCCCCCCCOc1ccc(c(O)c1)C(=O)c2ccccc2","0"
"326.1881002","6.1154","100_300_Neg_JeansC.mzXML","C21H26O3","CC(C)(C)CC(C)(C)c1ccc(OC(=O)c2ccccc2O)cc1","0"
"326.1881002","6.1154","100_300_Neg_JeansC.mzXML","C21H26O3","CC(C)CCCCCOc1ccc(c(O)c1)C(=O)c2ccccc2","0"
"326.1881002","6.1154","100_300_Neg_JeansC.mzXML","C18H30O3S","CCCCCCCCCCCCc1ccc(cc1)[S](O)(=O)=O","-2.1424109089369"
"326.1881002","6.1154","100_300_Neg_JeansC.mzXML","C18H30O3S","CCCCCCCCCC(CC)c1ccc(cc1)[S](O)(=O)=O","-2.1424109089369"
"326.1881002","6.1154","100_300_Neg_JeansC.mzXML","C18H30O3S","CCC(C(C)CC(C)CC(C)C)c1ccc(cc1)[S](O)(=O)=O","-2.1424109089369"
"325.1847534","6.1154","100_300_Neg_JeansC.mzXML","C17H27NO5","OC(=O)\C=C\C(=O)OCCNC(=O)CCCCCCCCC=C","0.126092801338671"
"325.1847534","6.1154","100_300_Neg_JeansC.mzXML","C18H30O3S","CCCCCCCCCCCCO[S](=O)(=O)c1ccccc1","0"
"325.1847534","6.1154","100_300_Neg_JeansC.mzXML","C16H20N8","Cc1ccc2n[nH]nc2c1.Cc3ccccc3N=C(N)N=C(N)N","-0.77424398995301"
"325.1847534","6.1154","100_300_Neg_JeansC.mzXML","C17H29NO6","CCOC(=O)C=C.COC(=O)C(C)=C.CC1CN1.CC(=C)C(O)=O","-0.873907198661329"
"325.1847534","6.1154","100_300_Neg_JeansC.mzXML","C18H30O3S","CCCCCCCCCCCCc1ccc(cc1)[S](O)(=O)=O","-1.00160989803546"
"325.1847534","6.1154","100_300_Neg_JeansC.mzXML","C18H30O3S","CCCCCCCCCC(CC)c1ccc(cc1)[S](O)(=O)=O","-1.00160989803546"
"325.1847534","6.1154","100_300_Neg_JeansC.mzXML","C18H30O3S","CCC(C(C)CC(C)CC(C)C)c1ccc(cc1)[S](O)(=O)=O","-1.00160989803546"
"326.1880798","6.1154","100_300_Neg_JeansC.mzXML","C18H30O3S","CCCCCCCCCCCCO[S](=O)(=O)c1ccccc1","0"
"326.1880798","6.1154","100_300_Neg_JeansC.mzXML","C18H30O3S","CCCCCCCCCCCCc1ccc(cc1)[S](O)(=O)=O","-3.09250396181703"
"326.1880798","6.1154","100_300_Neg_JeansC.mzXML","C18H30O3S","CCCCCCCCCC(CC)c1ccc(cc1)[S](O)(=O)=O","-3.09250396181703"
"326.1880798","6.1154","100_300_Neg_JeansC.mzXML","C18H30O3S","CCC(C(C)CC(C)CC(C)C)c1ccc(cc1)[S](O)(=O)=O","-3.09250396181703"
"335.1902059","6.251116667","100_300_Neg_JeansF.mzXML","C16H32O5S","CCCCCCCCCCCCCC(=O)OCC[S](O)(=O)=O","-2.10624303"
"337.1222127","5.448883333","100_300_Neg_JeansC.mzXML","C18H22ClNO3","CCCCCC(C)OC(=O)COc1ccc(Cl)c2cccnc12","0"
"337.1222127","5.448883333","100_300_Neg_JeansC.mzXML","C17H20ClNO","Clc1cccc(c1)C(=O)NC23CC4CC(CC(C4)C2)C3","-1.54315237360887"
"337.1222127","5.448883333","100_300_Neg_JeansC.mzXML","C17H20ClNO","[Cl-].C[N+](C)(C)Cc1ccc(cc1)C(=O)c2ccccc2","-1.54315237360887"
"337.2061056","7.980566667","100_300_Neg_JeansC.mzXML","C15H31NO7","OCCN(CCO)CCO.OC(=O)CCCCCCCC(O)=O","0.520369448"
"335.2267151","8.757333333","100_300_Neg_JeansB.mzXML","C16H34O2S","CC(C)(C)CCCCCCCCSCCOCCO","-5.562964989"
"337.2060852","7.892916667","100_300_Neg_JeansC.mzXML","C15H31NO7","OCCN(CCO)CCO.OC(=O)CCCCCCCC(O)=O","0.525969715068198"
"337.2060852","7.892916667","100_300_Neg_JeansC.mzXML","C16H34O5S","CSC[C@@H](C)OC[C@H](C)OC[C@H](C)OC[C@H](C)OC[C@H](C)O","-3.55405288710653"
"337.2060852","7.892916667","100_300_Neg_JeansC.mzXML","C15H31NO7","OCCN(CCO)CCO.OC(=O)CCCCCCCC(O)=O","0.525969715068198"
"337.2060852","7.892916667","100_300_Neg_JeansC.mzXML","C16H34O5S","CSC[C@@H](C)OC[C@H](C)OC[C@H](C)OC[C@H](C)OC[C@H](C)O","-3.55405288710653"
"339.200297","7.297666667","100_300_Neg_JeansG.mzXML","C18H29NO5","CCCCOC(=O)\C=C/C(=O)OCCCC.C=CN1CCCC1=O","0"
"339.200297","7.297666667","100_300_Neg_JeansG.mzXML","C18H31NO6","CCOC(=O)C=C.COC(=O)C(C)=C.CN(C)CCOC(=O)C(C)=C","-0.474113782080149"
"339.200297","7.297666667","100_300_Neg_JeansG.mzXML","C19H32O3S","CCCCCCCCCCC(CC)c1ccc(cc1)[S](O)(=O)=O","-1.11146341493662"
"339.200297","7.297666667","100_300_Neg_JeansG.mzXML","C17H27NO3","CCCCCCCCC(=O)NCc1ccc(O)c(OC)c1","-3.16551636821479"
"339.2003988","7.31115","100_300_Neg_JeansC.mzXML","C18H29NO5","CCCCOC(=O)\C=C/C(=O)OCCCC.C=CN1CCCC1=O","0"
"339.2003988","7.31115","100_300_Neg_JeansC.mzXML","C18H31NO6","CCOC(=O)C=C.COC(=O)C(C)=C.CN(C)CCOC(=O)C(C)=C","-0.474252837046389"
"339.2003988","7.31115","100_300_Neg_JeansC.mzXML","C17H27NO3","CCCCCCCCC(=O)NCc1ccc(O)c(OC)c1","-0.474252837046389"
"339.2003988","7.31115","100_300_Neg_JeansC.mzXML","C19H32O3S","CCCCCCCCCCC(CC)c1ccc(cc1)[S](O)(=O)=O","-2.30985605427093"
"340.2037455","7.31115","100_300_Neg_JeansC.mzXML","C19H32O3S","CCCCCCCCCCC(CC)c1ccc(cc1)[S](O)(=O)=O","-2.200131422"
"340.2037659","7.31115","100_300_Neg_JeansC.mzXML","C19H32O3S","CCCCCCCCCCC(CC)c1ccc(cc1)[S](O)(=O)=O","-2.432446629"
"340.2037659","7.31115","100_300_Neg_JeansC.mzXML","C19H32O3S","CCCCCCCCCCC(CC)c1ccc(cc1)[S](O)(=O)=O","-2.432446629"
"343.2131551","4.588416667","100_300_Neg_JeansF.mzXML","C18H32O6","CC(C)CC(=O)OCC(COC(=O)CC(C)C)OC(=O)CC(C)C","0"
"343.2131551","4.588416667","100_300_Neg_JeansF.mzXML","C18H34O7","CCCCC(CC)CO.OCCCOCCCO.O=C1OC(=O)C=C1","-2.23247925683286"
"343.2131551","4.588416667","100_300_Neg_JeansF.mzXML","C17H30O4","CCCCCCOC[C@H](C=O)C(=O)[C@@H](C)[C@@H](C)C(=O)CC","-2.88131329787258"
"345.1360881","5.043216667","100_300_Neg_JeansC.mzXML","C12H24O11","OC[C@H](O)[C@@H](O)[C@H](O)[C@H](O)CO[C@H]1O[C@H](CO)[C@@H](O)[C@H](O)[C@H]1O","0.025975420875021"
"345.1360881","5.043216667","100_300_Neg_JeansC.mzXML","C12H24O11","OC[C@@H](O)[C@@H](O)[C@H](O)[C@H](O)CO[C@H]1O[C@H](CO)[C@@H](O)[C@H](O)[C@H]1O","0.025975420875021"
"345.1360881","5.043216667","100_300_Neg_JeansC.mzXML","C20H18N4O2","COc1cc(N=Nc2ccccc2)c(C)cc1NN=C3C=CC(=O)C=C3","0"
"345.1360881","5.043216667","100_300_Neg_JeansC.mzXML","C20H18N4O2","CC1=NN(c2ccccc2)C(=O)C1C3C(=NN(c4ccccc4)C3=O)C","0"
"345.1360881","5.043216667","100_300_Neg_JeansC.mzXML","C20H18N4O2","CC/1=CC(=O)C=CC1=N/Nc2ccc(N\N=C/3C=CC(=O)C=C3C)cc2","0"
"345.1360881","5.043216667","100_300_Neg_JeansC.mzXML","C20H18N4O2","Cc1ccccc1N\N=C/2C=CC(=O)C(=N/Nc3ccccc3C)\C2=O","0"
"345.1360881","5.043216667","100_300_Neg_JeansC.mzXML","C19H16N4","N(\N=C(N=Nc1ccccc1)\c2ccccc2)c3ccccc3","-3.17123407353648"
"345.2438354","8.201566667","100_300_Neg_JeansG.mzXML","C19H36ClNO2","[H+].[Cl-].CCN(CC)CCOC(=O)C1(CCCCC1)C2CCCCC2","0.664790792"
"349.2423401","10.66913333","100_300_Neg_JeansF.mzXML","C18H38O4S","CCCCCCCCCCCCCCCCCCO[S](O)(=O)=O","-2.936571671"
"350.2456462","10.63985","100_300_Neg_JeansF.mzXML","C18H38O4S","CCCCCCCCCCCCCCCCCCO[S](O)(=O)=O","-2.447751492"
"349.1321106","6.703483333","100_300_Neg_JeansG.mzXML","C22H21O2P","CCOC(=O)C=[P](c1ccccc1)(c2ccccc2)c3ccccc3","0"
"349.1321106","6.703483333","100_300_Neg_JeansG.mzXML","C22H21O2P","Cc1cc(C)c(c(C)c1)C(=O)[P](=O)(c2ccccc2)c3ccccc3","0"
"349.1321106","6.703483333","100_300_Neg_JeansG.mzXML","C18H22N2O3","CCCOc1ccc([N-][N+](=O)c2ccc(OCCC)cc2)cc1","0"
"349.1321106","6.703483333","100_300_Neg_JeansG.mzXML","C18H22N2O3","Oc1c(ccc2ccccc12)C(=O)NCCCN3CCOCC3","0"
"349.1321106","6.703483333","100_300_Neg_JeansG.mzXML","C17H21ClN2O","CCN(CCCl)c1ccc(C=O)cc1.Cc2ccncc2","0"
"349.1321106","6.703483333","100_300_Neg_JeansG.mzXML","C20H24ClN","[H+].[Cl-].CN(C)CCC=C1c2ccccc2CCc3ccccc13","0"
"349.2422791","10.63985","100_300_Neg_JeansF.mzXML","C18H38O4S","CCCCCCCCCCCCCCCCCCO[S](O)(=O)=O","-2.348091625"
"353.2169088","8.12745","100_300_Neg_JeansC.mzXML","C16H38Br2N2","[Br-].[Br-].C[N+](C)(C)CCCCCCCCCC[N+](C)(C)C","0"
"353.2169088","8.12745","100_300_Neg_JeansC.mzXML","C19H33NO6","CCCCC(CC)COC(=O)C=C.CC(=O)OC=C.OCNC(=O)C=C","0"
"353.2169088","8.12745","100_300_Neg_JeansC.mzXML","C19H31NO5","COC(=O)C(C)=C.CC(=C)C(=O)OCCN1CCOC12CCCCC2","0"
"353.270223","8.113616667","100_300_Neg_JeansG.mzXML","C21H38O4","CCCCCCC(C\C=C/CCCCCCCC(=O)OC)OC(C)=O","0"
"353.270223","8.113616667","100_300_Neg_JeansG.mzXML","C21H38O4","CCCCCCCCCCCCOC(=O)C(C)=C.COC(=O)C(C)=C","0"
"353.270223","8.113616667","100_300_Neg_JeansG.mzXML","C21H40O5","CCCCCCC(O)C/C=C/CCCCCCCC(=O)OCC(O)CO","-1.27096438914375"
"353.270223","8.113616667","100_300_Neg_JeansG.mzXML","C21H40O5","CCCCCC[C@@H](O)C\C=C/CCCCCCCC(=O)OCC(O)CO","-1.27096438914375"
"353.270223","8.113616667","100_300_Neg_JeansG.mzXML","C20H36O2","CCCCC/C=C\C\C=C/CCCCCCCC(=O)OCC","-2.73573578804424"
"354.2200724","8.12745","100_300_Neg_JeansC.mzXML","C23H30O3","CCCCCCCCCCOc1ccc(c(O)c1)C(=O)c2ccccc2","0"
"354.2200724","8.12745","100_300_Neg_JeansC.mzXML","C23H30O3","CCCCCCOc1ccc(cc1)C(=O)Oc2ccc(CCCC)cc2","0"
"354.2200724","8.12745","100_300_Neg_JeansC.mzXML","C23H30O3","CCCCCCOc1ccc(OC(=O)c2ccc(CCCC)cc2)cc1","0"
"354.2200724","8.12745","100_300_Neg_JeansC.mzXML","C23H30O3","CCCCCOc1ccc(cc1)C(=O)Oc2ccc(CCCCC)cc2","0"
"354.2200724","8.12745","100_300_Neg_JeansC.mzXML","C16H38Br2N2","[Br-].[Br-].C[N+](C)(C)CCCCCCCCCC[N+](C)(C)C","-4.49689811073865"
"353.21698","8.12745","100_300_Neg_JeansC.mzXML","C19H31NO5","COC(=O)C(C)=C.CC(=C)C(=O)OCCN1CCOC12CCCCC2","0"
"353.21698","8.12745","100_300_Neg_JeansC.mzXML","C16H38Br2N2","[Br-].[Br-].C[N+](C)(C)CCCCCCCCCC[N+](C)(C)C","-0.96152096942005"
"353.21698","8.12745","100_300_Neg_JeansC.mzXML","C19H33NO6","CCCCC(CC)COC(=O)C=C.CC(=O)OC=C.OCNC(=O)C=C","-5.96441911135442"
"361.1670024","6.230866667","100_300_Neg_JeansC.mzXML","C26H20N2","N(c1ccc(Nc2ccc3ccccc3c2)cc1)c4ccc5ccccc5c4","-2.89608549219747"
"361.1670024","6.230866667","100_300_Neg_JeansC.mzXML","C26H20N2","Cc1cc(c2ccccc2)c3ccc4c(cc(C)nc4c3n1)c5ccccc5","-2.89608549219747"
"363.2158813","5.5659","100_300_Neg_JeansF.mzXML","C18H34O5S","CCCCCCCC/C=C(/CCCCCCCC(O)=O)[S](O)(=O)=O","-2.9518083"
"363.2215474","8.516966667","100_300_Neg_JeansF.mzXML","C18H36O5S","CCCCCCCCCCCCCCCCC(C(O)=O)[S](O)(=O)=O","-2.760851142"
"365.218689","4.11135","100_300_Neg_JeansG.mzXML","C23H28N2O2","CN(C)c1ccc(cc1)C=CC2=[N+](C)c3ccccc3C2(C)C.CC([O-])=O","0.025929455952083"
"365.218689","4.11135","100_300_Neg_JeansG.mzXML","C23H28N2O2","CCCCC(CC)CNc1ccc(NC)c2C(=O)c3ccccc3C(=O)c12","0.025929455952083"
"365.218689","4.11135","100_300_Neg_JeansG.mzXML","C17H36O9","CCC(CO)(CO)CO.CC(C)(CO)CO.OC(=O)CCCCC(O)=O","-3.99598367000463"
"365.218689","4.11135","100_300_Neg_JeansG.mzXML","C16H32O6","OCCCCCCO.OC(=O)CCCCCCCCC(O)=O","-4.51077287766285"
"366.1440633","5.273683333","100_300_Neg_JeansC.mzXML","C20H20ClN5","[Cl-].Cn1c(C)cc(N\N=C\2C(=Nc3ccccc23)C)[n+]1c4ccccc4","-3.517242006"
"367.231425","7.892916667","100_300_Neg_JeansC.mzXML","C20H35NO6","CCOC(=O)C=C.CCN(CC)CCOC(=O)C(C)=C.COC(=O)C(C)=C","-4.8668564140125"
"367.231425","7.892916667","100_300_Neg_JeansC.mzXML","C20H35NO6","CCOC(=O)C=C.COC(=O)C(C)=C.CC(=C)C(=O)OCCNC(C)(C)C","-4.8668564140125"
"367.231425","7.892916667","100_300_Neg_JeansC.mzXML","C20H35NO6","COC(=O)C(C)=C.CC(C)COC(=O)C(C)=C.CC1CN1.CC(=C)C(O)=O","-4.8668564140125"
"377.2372538","9.843416667","100_300_Neg_JeansC.mzXML","C17H33NO5","CCCCOC(=O)CCN(CCCO)CCC(=O)OCCCC","-0.94113018293624"
"377.2372538","9.843416667","100_300_Neg_JeansC.mzXML","C19H38O5S","CCCCCCCCCCCCCCCCC(C(=O)OC)[S](O)(=O)=O","-1.48157612171781"
"377.2372538","9.843416667","100_300_Neg_JeansC.mzXML","C19H40O6S","CSC[C@@H](C)OC[C@H](C)OC[C@H](C)OC[C@H](C)OC[C@H](C)OC[C@H](C)O","-2.63773098442355"
"377.2373352","9.843416667","100_300_Neg_JeansC.mzXML","C17H33NO5","CCCCOC(=O)CCN(CCCO)CCC(=O)OCCCC","-0.474437313434679"
"377.2373352","9.843416667","100_300_Neg_JeansC.mzXML","C19H38O5S","CCCCCCCCCCCCCCCCC(C(=O)OC)[S](O)(=O)=O","-3.19098498476113"
"377.2373352","9.843416667","100_300_Neg_JeansC.mzXML","C19H40O6S","CSC[C@@H](C)OC[C@H](C)OC[C@H](C)OC[C@H](C)OC[C@H](C)OC[C@H](C)O","-4.00833932876008"
"379.1584981","7.4135","100_300_Neg_JeansG.mzXML","C23H24BrClN2","[Cl-].CCN(CC)c1ccc(cc1)C2=[N+](CC)c3ccc(Br)c4cccc2c34","0.423656236019414"
"379.1584981","7.4135","100_300_Neg_JeansG.mzXML","C23H24ClN3","[Cl-].CN(N=CC1=[N+](C)c2ccccc2C1(C)C)c3ccc4ccccc4c3","0"
"379.1563721","5.5355","100_300_Neg_JeansC.mzXML","C16H26O10","OCCCOCCCO.OC(=O)CCCCC(O)=O.O=C1OC(=O)C=C1","0.02578089728592"
"379.1563721","5.5355","100_300_Neg_JeansC.mzXML","C24H20N4O","Cc1cc(ccc1N\N=C2/C(=O)C=Cc3ccccc23)N=Nc4ccccc4C","0"
"379.1563721","5.5355","100_300_Neg_JeansC.mzXML","C21H22ClN5","[Cl-].Cn1c(C)c(N=Nc2cc(C)n(C)[n+]2c3ccccc3)c4ccccc14","-3.23501617319306"
"380.091217","5.564266667","100_300_Neg_JeansC.mzXML","C19H21ClNO3S","CC[n+]1ccc(C)c2ccc(Cl)cc12.Cc3ccc(cc3)[S](O)(=O)=O","0"
"380.091217","5.564266667","100_300_Neg_JeansC.mzXML","C17H18ClNO4","[O-][Cl](=O)(=O)=O.C1CCC(C1)=[N+](c2ccccc2)c3ccccc3","0"
"383.2212626","4.82975","100_300_Neg_JeansG.mzXML","C22H29N3O3","CCN(CC)c1ccc2nc3ccc(cc3[o+]c2c1)N(CC)CC.CC([O-])=O","0.467544888518077"
"383.2212626","4.82975","100_300_Neg_JeansG.mzXML","C19H32N4O2","CCCCCCCCCC(C)=O.NC(N)=NN/C=C/1C=CC=CC1=O","0"
"383.3535258","7.881316667","100_300_Neg_JeansG.mzXML","C23H46O","CCCCCCCCCCCC(=O)CCCCCCCCCCC","-2.288521237"
"391.1774801","6.376466667","100_300_Neg_JeansC.mzXML","C14H32Cl2N2O3","[Cl-].CC1CO1.NCCCCCCN.ClCC2CO2.C3CO3.[H+]","-0.194338621"
"391.252889","11.46896667","100_300_Neg_JeansF.mzXML","C19H38O3S","CCCCCCCC/C=C/CCCCCCCCO[S](C)(=O)=O","-3.903649489"
"393.1720785","6.1154","100_300_Neg_JeansC.mzXML","C15H34O7S","CCCCCCCCCCC(O)(OCC)OCC.O[S](O)(=O)=O","0"
"393.1720785","6.1154","100_300_Neg_JeansC.mzXML","C25H22N4O","Cc1cc(N=Nc2ccccc2C)c(C)cc1N\N=C3/C(=O)C=Cc4ccccc34","0"
"393.1720785","6.1154","100_300_Neg_JeansC.mzXML","C21H27ClN2O3","[Cl-].COC(=O)[C@H]1[C@@H](O)CC[C@H]2CN3CCc4c([nH]c5ccccc45)[C@@H]3C[C@H]12.[H+]","-0.82754794836312"
"393.249939","4.82975","100_300_Neg_JeansG.mzXML","C25H32N2O2","CCCCC(CC)CNc1ccc(NC(C)C)c2C(=O)c3ccccc3C(=O)c12","-0.974246201"
"393.2498779","4.82975","100_300_Neg_JeansG.mzXML","C25H32N2O2","CCCCC(CC)CNc1ccc(NC(C)C)c2C(=O)c3ccccc3C(=O)c12","-0.812347169"
"395.1060588","5.12935","100_300_Neg_JeansC.mzXML","C18H22N2O4S2","Cc1ccc(cc1)[S](O)(=O)=O.OC(CN2CCSC2=N)c3ccccc3","0.021935077898878"
"395.1060588","5.12935","100_300_Neg_JeansC.mzXML","C18H24BrNO","[Br-].O=C(CC1CCCCC1=[N+]2CCCC2)c3ccccc3","0"
"395.1536051","6.221416667","100_300_Neg_JeansF.mzXML","C23H24N2O2","COc1ccc(NC(C)=O)cc1N(Cc2ccccc2)Cc3ccccc3","0"
"395.1536051","6.221416667","100_300_Neg_JeansF.mzXML","C22H23ClN2","[Cl-].Cc1[nH]c2ccccc2c1C=CC3=[N+](C)c4ccccc4C3(C)C","-3.88132691458708"
"395.2476298","9.843416667","100_300_Neg_JeansC.mzXML","C19H40O6S","CSC[C@@H](C)OC[C@H](C)OC[C@H](C)OC[C@H](C)OC[C@H](C)OC[C@H](C)O","1.21966152752482"
"395.2476298","9.843416667","100_300_Neg_JeansC.mzXML","C18H38O4S","CCCCCCCCCCCCCCCCCCO[S](O)(=O)=O","0.21966152752482"
"395.2476298","9.843416667","100_300_Neg_JeansC.mzXML","C19H40O6S","CSC[C@@H](C)OC[C@H](C)OC[C@H](C)OC[C@H](C)OC[C@H](C)OC[C@H](C)O","1.38329789116118"
"395.2476298","9.843416667","100_300_Neg_JeansC.mzXML","C18H38O4S","CCCCCCCCCCCCCCCCCCO[S](O)(=O)=O","0.383297891161183"
"395.2622477","9.51925","100_300_Neg_JeansC.mzXML","C23H40O3S","CCCCCCCCCCCCCCCCCc1ccc(cc1)[S](O)(=O)=O","1.018307795"
"395.2476501","9.843416667","100_300_Neg_JeansC.mzXML","C19H40O6S","CSC[C@@H](C)OC[C@H](C)OC[C@H](C)OC[C@H](C)OC[C@H](C)OC[C@H](C)O","1.38234033964665"
"395.2476501","9.843416667","100_300_Neg_JeansC.mzXML","C18H38O4S","CCCCCCCCCCCCCCCCCCO[S](O)(=O)=O","-1.77669684022512"
"397.0784302","5.273683333","100_300_Neg_JeansC.mzXML","C17H20O4S2","Oc1ccc(SCCOCOCCSc2ccc(O)cc2)cc1","0.009166746"
"397.1691182","5.981866667","100_300_Neg_JeansF.mzXML","C22H25ClN2","[Cl-].CC1Cc2ccccc2[N+]1=CC=C3N(C)c4ccccc4C3(C)C","-0.03450235841571"
"397.1691182","5.981866667","100_300_Neg_JeansF.mzXML","C26H23NO3","Oc1ccc(Nc2ccc(cc2)C3CCCCC3)c4C(=O)c5ccccc5C(=O)c14","-5.04880674933772"
"395.2477112","9.784783333","100_300_Neg_JeansC.mzXML","C19H40O6S","CSC[C@@H](C)OC[C@H](C)OC[C@H](C)OC[C@H](C)OC[C@H](C)OC[C@H](C)O","-0.86900175359934"
"395.2477112","9.784783333","100_300_Neg_JeansC.mzXML","C18H38O4S","CCCCCCCCCCCCCCCCCCO[S](O)(=O)=O","-2.67714247973728"
"396.2510986","9.784783333","100_300_Neg_JeansC.mzXML","C19H40O6S","CSC[C@@H](C)OC[C@H](C)OC[C@H](C)OC[C@H](C)OC[C@H](C)OC[C@H](C)O","-1.52849207540787"
"396.2510986","9.784783333","100_300_Neg_JeansC.mzXML","C18H38O4S","CCCCCCCCCCCCCCCCCCO[S](O)(=O)=O","-3.19988058585856"
"397.3324585","7.960666667","100_300_Neg_JeansF.mzXML","C24H46O4","CCCCCCCC\C=C/CCCCCCCC(=O)OCC(CC)(CO)CO","2.26970624629079"
"397.3324585","7.960666667","100_300_Neg_JeansF.mzXML","C24H48O5","CCCCCCCC\C=C/CCCCCCCC(O)=O.CCC(CO)(CO)CO","1.66970624629079"
"397.3324585","7.960666667","100_300_Neg_JeansF.mzXML","C24H48O5","CCCCCCCC/C=C/CCCCCCCCOC(CO)COCC(O)CO","1.26970624629079"
"397.3324585","7.960666667","100_300_Neg_JeansF.mzXML","C23H44O2","CCCCCCCC\C=C/CCCCCCCCCCCC(=O)OC","0.76970624629079"
"397.3324585","7.960666667","100_300_Neg_JeansF.mzXML","C23H44O2","CCCCCCCCCCCCCCCCCCCCOC(=O)C=C","0.76970624629079"
"397.3324585","7.960666667","100_300_Neg_JeansF.mzXML","C24H46O4","CCCCCCCCCOC(=O)CCCCC(=O)OCCCCCCCCC","0"
"397.3324585","7.960666667","100_300_Neg_JeansF.mzXML","C24H46O4","CCCCCCCCCCCC(=O)OOC(=O)CCCCCCCCCCC","0"
"397.3324585","7.960666667","100_300_Neg_JeansF.mzXML","C24H46O4","CC(C)CCCCCCCOC(=O)CCCCC(=O)OCCCCCC(C)C","0"
"397.3324585","7.960666667","100_300_Neg_JeansF.mzXML","C24H46O4","CC(C)CCCCCCOC(=O)CCCCC(=O)OCCCCCCC(C)C","0"
"397.3324585","7.960666667","100_300_Neg_JeansF.mzXML","C24H46O4","CCCCCCCCCCOC(=O)CCCCC(=O)OCCCCCCCC","0"
"397.3324585","7.960666667","100_300_Neg_JeansF.mzXML","C24H46O4","CCCCCCCCCOC(=O)CCCCC(=O)OCCCCCCCCC","0"
"397.3324585","7.960666667","100_300_Neg_JeansF.mzXML","C24H46O4","CCCC[C@@H](CC)CCOC(=O)CCCCC(=O)OCCC(CCC)CCC","0"
"398.17158","5.981866667","100_300_Neg_JeansF.mzXML","C26H23NO3","Oc1ccc(Nc2ccc(cc2)C3CCCCC3)c4C(=O)c5ccccc5C(=O)c14","0.513750288671147"
"398.17158","5.981866667","100_300_Neg_JeansF.mzXML","C21H27N3O6","CC(=C)C(=O)OCCc1nc(CCOC(=O)C(C)=C)nc(CCOC(=O)C(C)=C)n1","0"
"398.17158","5.981866667","100_300_Neg_JeansF.mzXML","C20H23N3O3","COC(=O)CCc1cc(n2nc3ccccc3n2)c(O)c(c1)C(C)(C)C","0"
"398.17158","5.981866667","100_300_Neg_JeansF.mzXML","C22H25ClN2","[Cl-].CC1Cc2ccccc2[N+]1=CC=C3N(C)c4ccccc4C3(C)C","-4.37904024648142"
"396.250946","9.843416667","100_300_Neg_JeansC.mzXML","C19H40O6S","CSC[C@@H](C)OC[C@H](C)OC[C@H](C)OC[C@H](C)OC[C@H](C)OC[C@H](C)O","1.01781514944793"
"396.250946","9.843416667","100_300_Neg_JeansC.mzXML","C18H38O4S","CCCCCCCCCCCCCCCCCCO[S](O)(=O)=O","0.0178151494479326"
"401.1229757","5.208633333","100_300_Neg_JeansA.mzXML","C23H17NO3","COC(=O)c1ccc(/C=C/c2ccc(cc2)c3oc4ccccc4n3)cc1","-4.674063301"
"408.1223958","7.543916667","100_300_Neg_JeansC.mzXML","C24H16N4O3","CC1=NN(c2ccccc2)C(=O)C1N=Nc3cccc4C(=O)c5ccccc5C(=O)c34","0"
"408.1223958","7.543916667","100_300_Neg_JeansC.mzXML","C19H21ClN2O3","[H+].[Cl-].CN(C)CCCNc1ccc(O)c2C(=O)c3ccccc3C(=O)c12","-0.497636823652627"
"409.1218363","5.448883333","100_300_Neg_JeansC.mzXML","C24H22O4","O=C(Cc1ccccc1)OCC(OC(=O)Cc2ccccc2)c3ccccc3","0"
"409.1218363","5.448883333","100_300_Neg_JeansC.mzXML","C19H25Cl2N5O2","[Cl-].CCN(CC[N+](C)(C)C)c1ccc(cc1)N=Nc2ccc(cc2Cl)[N+]([O-])=O","0"
"409.1218363","5.448883333","100_300_Neg_JeansC.mzXML","C19H22ClN5O","[Cl-].CC1=NN(c2ccccc2)C(=O)C1N=Nc3cccc(c3)[N+](C)(C)C","0"
"409.2266947","8.295866667","100_300_Neg_JeansD.mzXML","C18H36O5S","CCCCCCCCCCCCCCCCC(C(O)=O)[S](O)(=O)=O","0.016993044"
"409.226766","7.892916667","100_300_Neg_JeansC.mzXML","C18H36O5S","CCCCCCCCCCCCCCCCC(C(O)=O)[S](O)(=O)=O","0.012839162"
"409.3113912","8.77345","100_300_Neg_JeansA.mzXML","C28H42O2","CC(C)=CCC\C(C)=C\CC\C(C)=C\CC[C@]1(C)CCc2c(C)c(O)cc(C)c2O1","1.01983185108307"
"409.3113912","8.77345","100_300_Neg_JeansA.mzXML","C28H42O2","CC(C)(C)c1cc(c(O)c(c1)C(C)(C)C)c2cc(cc(c2O)C(C)(C)C)C(C)(C)C","1.01983185108307"
"409.3113912","8.77345","100_300_Neg_JeansA.mzXML","C28H42O2","CC(C)=CCC/C(C)=C/CO[C@H](Cc1ccccc1)OC\C=C(C)\CCC=C(C)C","0"
"411.2521566","5.677116667","100_300_Neg_JeansGx.mzXML","C18H39O5P","CCCCCCCC\C=C/CCCCCCCCO.O[P](O)(O)=O","-2.8424439832485"
"411.2521566","5.677116667","100_300_Neg_JeansGx.mzXML","C24H33N3O3","CCCCCCCCCCCCC1=CC(=N/Nc2ccccc2[N+]([O-])=O)\C(=O)C=C1","-3.12904471796026"
"411.2523804","5.682983333","100_300_Neg_JeansF.mzXML","C24H33N3O3","CCCCCCCCCCCCC1=CC(=N/Nc2ccccc2[N+]([O-])=O)\C(=O)C=C1","0.469116311685175"
"411.2523804","5.682983333","100_300_Neg_JeansF.mzXML","C18H39O5P","CCCCCCCC\C=C/CCCCCCCCO.O[P](O)(O)=O","-4.52737971532363"
"412.0964762","5.5355","100_300_Neg_JeansC.mzXML","C26H12N4O2","O=C1n2c3ccccc3nc2c4ccc5c6nc7ccccc7n6C(=O)c8ccc1c4c58","0"
"412.0964762","5.5355","100_300_Neg_JeansC.mzXML","C26H12N4O2","O=C1n2c3ccccc3nc2c4ccc5c6nc7ccccc7n6C(=O)c8ccc1c4c58","0"
"412.0964762","5.5355","100_300_Neg_JeansC.mzXML","C16H26Cl3N3O3","ClC(C(N1CCOCC1)N2CCOCC2)C(N3CCOCC3)=C(Cl)Cl","0"
"412.0964762","5.5355","100_300_Neg_JeansC.mzXML","C20H21N3O6S","N.CCN(CC)c1ccc2C=C(C(=O)Oc2c1)c3oc4ccc(cc4n3)[S](O)(=O)=O","0"
"412.0964762","5.5355","100_300_Neg_JeansC.mzXML","C20H19N3O5S","CCN(CC)c1ccc2C=C(C(=O)Oc2c1)c3oc4ccc(cc4n3)[S](N)(=O)=O","0"
"413.078776","5.071816667","100_300_Neg_JeansC.mzXML","C17H19ClN4O4","Cc1cc(ccc1N=Nc2ccc(cc2Cl)[N+]([O-])=O)N(CCO)CCO","-1.211762828"
"415.1386719","5.448883333","100_300_Neg_JeansC.mzXML","C17H24N4O6","O=C=NCCCCCCN1C(=O)OC(=O)N(CCCCCCN=C=O)C1=O","0"
"415.1386719","5.448883333","100_300_Neg_JeansC.mzXML","C24H19NO3","COC(=O)c1ccc(/C=C/c2ccc(cc2)c3oc4ccc(C)cc4n3)cc1","-4.7977727643293"
"415.2705485","5.09905","100_300_Neg_JeansG.mzXML","C22H42O8","CCCCOCCOCCOC(=O)CCCCC(=O)OCCOCCOCCCC","0.0177553303122832"
"415.2705485","5.09905","100_300_Neg_JeansG.mzXML","C22H40O7","CCCCCCCCCCCCOCCOCCOCCOC(=O)\C=C/C(O)=O","-0.95362332644708"
"415.3181559","6.4053","100_300_Neg_JeansG.mzXML","C21H42N2O3","[NH4+].CCCCCCCC/C=C/CCCCCCCC(=O)N(C)CC([O-])=O","0.936582701452803"
"415.3181559","6.4053","100_300_Neg_JeansG.mzXML","C23H46NO3P","CCCCCCCC/C=C/CCCCCCCCN[P]1(=O)OCC(C)(C)CO1","0"
"417.1559753","3.722483333","100_300_Neg_JeansD.mzXML","C22H26O8","CCOC(=O)C(=Cc1ccc(cc1)C=C(C(=O)OCC)C(=O)OCC)C(=O)OCC","0"
"417.1559753","3.722483333","100_300_Neg_JeansD.mzXML","C22H28O9","CCC(CO)(CO)CO.O=C1OC(=O)C2CCCCC12.O=C3OC(=O)c4ccccc34","-2.32187292603755"
"417.1559753","3.722483333","100_300_Neg_JeansD.mzXML","C21H24O6","CC1(C)CC2(CC(C)(C)c3cc(O)c(O)c(O)c23)c4c(O)c(O)c(O)cc14","-3.14492464701474"
"417.193339","6.6395","100_300_Neg_JeansC.mzXML","C15H35ClN4O8","N.NCCNCCN.OC=O.OC(=O)CCCCC(O)=O.ClCC1CO1.C=O","-0.820583128"
"417.193339","6.6395","100_300_Neg_JeansC.mzXML","C15H35ClN4O8","N.NCCNCCN.OC=O.OC(=O)CCCCC(O)=O.ClCC1CO1.C=O","-0.487249795"
"417.2858988","5.331083333","100_300_Neg_JeansG.mzXML","C21H40O5","CCCCCCC(O)C/C=C/CCCCCCCC(=O)OCC(O)CO","0.0179006646114228"
"417.2858988","5.331083333","100_300_Neg_JeansG.mzXML","C21H40O5","CCCCCC[C@@H](O)C\C=C/CCCCCCCC(=O)OCC(O)CO","0.0179006646114228"
"417.2858988","5.331083333","100_300_Neg_JeansG.mzXML","C22H42O7","CCCCCCC(=O)OCCOCCOCCOCCOC(=O)CCCCCC","0"
"417.2858988","5.331083333","100_300_Neg_JeansG.mzXML","C28H36N2O","CCCCCCCCCCCCc1ccc(N\N=C2\C(=O)C=Cc3ccccc23)cc1","-4.48172300100282"
"417.2858988","5.331083333","100_300_Neg_JeansG.mzXML","C28H36N2O","C[C@@H](CCCC(C)(C)O)CC(n1cc(C)c2ccccc12)n3cc(C)c4ccccc34","-4.48172300100282"
"421.1361389","8.428766667","100_300_Neg_JeansF.mzXML","C23H20N2O6","[O-]C(=O)CC[n+]1c(CC=Cc2oc3ccccc3[n+]2CCC([O-])=O)oc4ccccc14","0.02149601038495"
"421.1361389","8.428766667","100_300_Neg_JeansF.mzXML","C17H20N4O6","Cc1cc2N=C3C(=O)NC(=O)N=C3N(CC(O)C(O)C(O)CO)c2cc1C","0.00856353604945233"
"421.2812093","5.682983333","100_300_Neg_JeansF.mzXML","C21H44O9","CCC(CO)(CO)CO.CC(C)(CO)CO.OC(=O)CCCCCCCCC(O)=O","-2.590142204"
"421.2811076","5.68805","100_300_Neg_JeansG.mzXML","C21H44O9","CCC(CO)(CO)CO.CC(C)(CO)CO.OC(=O)CCCCCCCCC(O)=O","0.019160587"
"422.2846476","5.682983333","100_300_Neg_JeansF.mzXML","C31H39NO","CCc1ccccc1C=C.CN(C)CO.C=Cc2ccccc2.C=Cc3ccccc3C=C","0"
"422.2846476","5.682983333","100_300_Neg_JeansF.mzXML","C21H44O9","CCC(CO)(CO)CO.CC(C)(CO)CO.OC(=O)CCCCCCCCC(O)=O","-3.3413154323353"
"425.1097616","6.1154","100_300_Neg_JeansC.mzXML","C30H18O4","Cc1ccc2C(=O)c3ccccc3C(=O)c2c1c4c(C)ccc5C(=O)c6ccccc6C(=O)c45","-0.52554361706981"
"425.1097616","6.1154","100_300_Neg_JeansC.mzXML","C19H24O12","OCCOCCO.OCC(O)CO.O=C1OC(=O)C=C1.O=C2OC(=O)c3ccccc23","-4.93184689162211"
"425.1097616","6.1154","100_300_Neg_JeansC.mzXML","C30H18O4","Cc1ccc2C(=O)c3ccccc3C(=O)c2c1c4c(C)ccc5C(=O)c6ccccc6C(=O)c45","-0.52554361706981"
"425.1097616","6.1154","100_300_Neg_JeansC.mzXML","C19H24O12","OCCOCCO.OCC(O)CO.O=C1OC(=O)C=C1.O=C2OC(=O)c3ccccc23","-4.90685421679869"
"426.1124268","6.1154","100_300_Neg_JeansC.mzXML","C19H24O12","OCCOCCO.OCC(O)CO.O=C1OC(=O)C=C1.O=C2OC(=O)c3ccccc23","-0.448529756181459"
"426.1124268","6.1154","100_300_Neg_JeansC.mzXML","C18H20O9","CC(O)COCC(C)O.O=C1OC(=O)C=C1.O=C2OC(=O)c3ccccc23","-1.01654010391681"
"425.1097412","6.1154","100_300_Neg_JeansC.mzXML","C30H18O4","Cc1ccc2C(=O)c3ccccc3C(=O)c2c1c4c(C)ccc5C(=O)c6ccccc6C(=O)c45","-0.52554361706981"
"425.1097412","6.1154","100_300_Neg_JeansC.mzXML","C19H24O12","OCCOCCO.OCC(O)CO.O=C1OC(=O)C=C1.O=C2OC(=O)c3ccccc23","-4.86997023127546"
"427.1796163","6.853783333","100_300_Neg_JeansG.mzXML","C23H27ClN2O","[Cl-].COc1ccc2N(CCCc2c1)C=CC3=[N+](C)c4ccccc4C3(C)C","-0.902191131"
"427.2535604","8.750083333","100_300_Neg_JeansC.mzXML","C22H37NO7","CCC(CO)(COC(=O)CCCCCN)COC(=O)C1C2CC(C)C(C2)C1C(O)=O","0"
"427.2535604","8.750083333","100_300_Neg_JeansC.mzXML","C21H46BrN","[Br-].CCCCCCCCCCCCCCCCCC[N+](C)(C)C","0"
"426.2616577","8.750083333","100_300_Neg_JeansC.mzXML","C18H44Cl2N2O4","[Cl].[Cl].[H].[H].C[N+](C)(C)CC(O)COCCCCCCOCC(O)C[N+](C)(C)C","0"
"426.2616577","8.750083333","100_300_Neg_JeansC.mzXML","C23H38O7","CCC(C)CC(C)(C)C.OCCOCCOCCO.O=C1OC(=O)c2ccccc12","0"
"435.2035929","6.756616667","100_300_Neg_JeansC.mzXML","C29H26N2O2","COc1ccc(cc1)C(=C\C=N\N(c2ccccc2)c3ccccc3)c4ccc(OC)cc4","0.02621152048852"
"435.2035929","6.756616667","100_300_Neg_JeansC.mzXML","C18H32N10S2","CCNc1nc(SSc2nc(NCC)nc(n2)N(CC)CC)nc(n1)N(CC)CC","-1.47378847951148"
"435.2035929","6.756616667","100_300_Neg_JeansC.mzXML","C15H35ClN4O8","N.NCCNCCN.OC=O.OC(=O)CCCCC(O)=O.ClCC1CO1.C=O","-2.42412789971411"
"438.1334229","7.253016667","100_300_Neg_JeansC.mzXML","C20H23ClN2O4","C[NH+](C)CCC(c1ccc(Cl)cc1)c2ccccn2.OC(=O)\C=C/C([O-])=O","-0.507433068"
"441.2531026","6.376466667","100_300_Neg_JeansC.mzXML","C19H40O6S","CSC[C@@H](C)OC[C@H](C)OC[C@H](C)OC[C@H](C)OC[C@H](C)OC[C@H](C)O","0.019466158"
"441.2531738","6.405466667","100_300_Neg_JeansC.mzXML","C19H40O6S","CSC[C@@H](C)OC[C@H](C)OC[C@H](C)OC[C@H](C)OC[C@H](C)OC[C@H](C)O","-2.091929484"
"443.1700439","6.932283333","100_300_Neg_JeansC.mzXML","C27H27NO6","CCN(CC)c1ccc(cc1)C(/c2cc(C)c(O)c(c2)C(O)=O)=C3\C=C(C)C(=O)C(=C3)C(O)=O","-4.32943287058649"
"443.1700439","6.932283333","100_300_Neg_JeansC.mzXML","C26H23NO3","Oc1ccc(Nc2ccc(cc2)C3CCCCC3)c4C(=O)c5ccccc5C(=O)c14","-4.89049610682373"
"443.2483927","6.376466667","100_300_Neg_JeansC.mzXML","C21H35NO6","C/C=C/C1C(C(=O)OC1=O)C(/C=C/C)=C(C)\C=C\C.CC(O)CN.OCCO","0"
"443.2483927","6.376466667","100_300_Neg_JeansC.mzXML","C21H35NO6","CCCCOC(=O)C(C)=C.COC(=O)C(C)=C.CC(=C)C(=O)OCCN1CC1","0"
"447.1437073","5.649983333","100_300_Neg_JeansA.mzXML","C20H23ClN4O3","[Cl-].COc1ccc(CNN=CC2=[N+](C)c3ccc(cc3C2(C)C)[N+]([O-])=O)cc1","-0.059356656"
"447.1664124","4.2523","100_300_Neg_JeansB.mzXML","C22H26O7","CC1CO1.CC(C)(c2ccc(O)cc2)c3ccc(O)cc3.OC(=O)\C=C/C(O)=O","0.019134629598949"
"447.1664124","4.2523","100_300_Neg_JeansB.mzXML","C27H29ClN2O3","[Cl-].CCNc1cc2[o+]c3cc(NCC)c(C)cc3c(c2cc1C)c4ccccc4C(=O)OC","-3.01117940751108"
"447.2965902","6.996833333","100_300_Neg_JeansF.mzXML","C22H42O6","CCCCC(CC)C(=O)OCCOCCOCCOC(=O)C(CC)CCCC","-1.11481927344923e-05"
"447.2965902","6.996833333","100_300_Neg_JeansF.mzXML","C22H42O6","CCCCCCCC(=O)OCCOCCOCCOC(=O)CCCCCCC","-1.11481927344923e-05"
"447.2965902","6.996833333","100_300_Neg_JeansF.mzXML","C22H42O6","CCCCOCCOC(=O)CCCCCCCCC(=O)OCCOCCCC","-1.11481927344923e-05"
"447.2965902","6.996833333","100_300_Neg_JeansF.mzXML","C22H42O6","CCCCCCCCCCCCCCCC(=O)OC(C)C(=O)OCC(O)CO","-1.11481927344923e-05"
"447.2965902","6.996833333","100_300_Neg_JeansF.mzXML","C22H42O6","CCCCCCCCCCCCCCCC(=O)OCC(O)[C@H]1OC[C@@H](O)[C@@H]1O","-1.11481927344923e-05"
"447.2968953","7.0031","100_300_Neg_JeansG.mzXML","C22H42O6","CCCCC(CC)C(=O)OCCOCCOCCOC(=O)C(CC)CCCC","-3.44710084889963"
"447.2968953","7.0031","100_300_Neg_JeansG.mzXML","C22H42O6","CCCCCCCC(=O)OCCOCCOCCOC(=O)CCCCCCC","-3.44710084889963"
"447.2968953","7.0031","100_300_Neg_JeansG.mzXML","C22H42O6","CCCCOCCOC(=O)CCCCCCCCC(=O)OCCOCCCC","-3.44710084889963"
"447.2968953","7.0031","100_300_Neg_JeansG.mzXML","C22H42O6","CCCCCCCCCCCCCCCC(=O)OC(C)C(=O)OCC(O)CO","-3.44710084889963"
"447.2968953","7.0031","100_300_Neg_JeansG.mzXML","C22H42O6","CCCCCCCCCCCCCCCC(=O)OCC(O)[C@H]1OC[C@@H](O)[C@@H]1O","-3.44710084889963"
"448.3282776","5.39055","100_300_Neg_JeansC.mzXML","C25H48O4","CCCCC(CC)COC(=O)CCCCCCCC(=O)OCC(CC)CCCC","0"
"448.3282776","5.39055","100_300_Neg_JeansC.mzXML","C25H48O4","CCCCCCCCCCOC(=O)CCCC(=O)OCCCCCCCCCC","0"
"448.3282776","5.39055","100_300_Neg_JeansC.mzXML","C25H48O4","CC(C)CCCCCCCOC(=O)CCCC(=O)OCCCCCCCC(C)C","0"
"448.3282776","5.39055","100_300_Neg_JeansC.mzXML","C25H48O4","CC(C)CCCCCOC(=O)CCCCCCCC(=O)OCCCCCC(C)C","0"
"448.3282776","5.39055","100_300_Neg_JeansC.mzXML","C25H48O4","CCCCCCCCCC(=O)OCC(C)(C)COC(=O)CCCCCCCCC","0"
"448.3282776","5.39055","100_300_Neg_JeansC.mzXML","C25H48O4","CCCCCCCCCCC(=O)OCC(C)OC(=O)CCCCCCCCCC","0"
"448.3282776","5.39055","100_300_Neg_JeansC.mzXML","C25H48O4","CCCCCCCCOC(=O)CC(C)(C)CC(C)C(=O)OCCCCCCCC","0"
"448.3282776","5.39055","100_300_Neg_JeansC.mzXML","C25H48O4","CCCCCCCCCCCCCCCCCCCCOC(=O)CCCC(O)=O","0"
"448.3282776","5.39055","100_300_Neg_JeansC.mzXML","C25H48O4","CCCCCCCCCCCC(=O)OCC(C)(C)[C@@H](OC(=O)CCCC)C(C)C","0"
"448.3282776","5.39055","100_300_Neg_JeansC.mzXML","C25H48O4","CCCCCCCCOC(=O)CC(C)CC(C)(C)C(=O)OCCCCCCCC","0"
"448.3282776","5.39055","100_300_Neg_JeansC.mzXML","C25H48O4","CCCCCCCCOC(=O)CCCCCCCC(=O)OCCCCCCCC","0"
"448.3282776","5.39055","100_300_Neg_JeansC.mzXML","C25H48O4","CCCCCCCCCCCCCCCCCCOC(=O)CCC(=O)OC(C)C","0"
"451.1465658","8.597883333","100_300_Neg_JeansA.mzXML","C22H28ClN3O3S","CC(CN(C)C)OCC[S](=O)(=O)c1ccc(cc1)N2CCC(=N2)c3ccc(Cl)cc3","0"
"451.1465658","8.597883333","100_300_Neg_JeansA.mzXML","C22H28ClN3O3S","CC1CC(C)(C)N(CCO)c2cc(C)c(cc12)N=Nc3ccc(cc3Cl)[S](C)(=O)=O","-2.39503224950061"
"453.2895101","11.64683333","100_300_Neg_JeansC.mzXML","C22H46O7S","CSC[C@@H](C)OC[C@H](C)OC[C@H](C)OC[C@H](C)OC[C@H](C)OC[C@H](C)OC[C@H](C)O","1.519378999"
"453.2895203","11.64683333","100_300_Neg_JeansC.mzXML","C22H46O7S","CSC[C@@H](C)OC[C@H](C)OC[C@H](C)OC[C@H](C)OC[C@H](C)OC[C@H](C)OC[C@H](C)O","0.418675567"
"457.3172302","7.523566667","100_300_Neg_JeansF.mzXML","C25H48O8","CCCCOCCOCCOC(=O)CCCCCCCC(=O)OCCOCCOCCCC","1.417680186"
"458.3204956","7.523566667","100_300_Neg_JeansF.mzXML","C25H48O8","CCCCOCCOCCOC(=O)CCCCCCCC(=O)OCCOCCOCCCC","0.017499003"
"459.2024333","4.8223","100_300_Neg_JeansGx.mzXML","C25H32O8","CC(C)(c1ccc(OCCCO)cc1)c2ccc(OCCCO)cc2.OC(=O)\C=C\C(O)=O","1.0058817600702"
"459.2024333","4.8223","100_300_Neg_JeansGx.mzXML","C24H36Cl2O4","CCCC(Cl)C(CC)COC(=O)c1ccccc1C(=O)OCC(CC)CC(Cl)CC","0"
"459.2024333","4.8223","100_300_Neg_JeansGx.mzXML","C22H34ClN3O3","CC(C)(c1ccc(O)cc1)c2ccc(O)cc2.NCCNCCN.ClCC3CO3","0"
"459.2024333","4.8223","100_300_Neg_JeansGx.mzXML","C22H34ClN3O3","CC(C)(c1ccc(O)cc1)c2ccc(O)cc2.NCCNCCN.ClCC3CO3","0"
"459.2024333","4.8223","100_300_Neg_JeansGx.mzXML","C26H33Cl2N3","[Cl-].[Cl-].CN(C)c1ccc(cc1)[C+](c2ccc(cc2)N(C)C)c3ccc(cc3)[N+](C)(C)C","-0.023521682181288"
"459.203186","4.795533333","100_300_Neg_JeansDx.mzXML","C24H36Cl2O4","CCCC(Cl)C(CC)COC(=O)c1ccccc1C(=O)OCC(CC)CC(Cl)CC","0"
"459.203186","4.795533333","100_300_Neg_JeansDx.mzXML","C26H33Cl2N3","[Cl-].[Cl-].CN(C)c1ccc(cc1)[C+](c2ccc(cc2)N(C)C)c3ccc(cc3)[N+](C)(C)C","-0.020183375511773"
"459.203186","4.795533333","100_300_Neg_JeansDx.mzXML","C25H32O8","CC(C)(c1ccc(OCCCO)cc1)c2ccc(OCCCO)cc2.OC(=O)\C=C\C(O)=O","-3.16480323988057"
"462.3442281","5.622016667","100_300_Neg_JeansC.mzXML","C26H50O4","CCCCCCCCCCOC(=O)CCCCC(=O)OCCCCCCCCCC","0"
"462.3442281","5.622016667","100_300_Neg_JeansC.mzXML","C26H50O4","CCCCC(CC)COC(=O)CCCCCCCCC(=O)OCC(CC)CCCC","0"
"462.3442281","5.622016667","100_300_Neg_JeansC.mzXML","C26H50O4","CCCCCCCCC(=O)OCC(C)(C)C(OC(=O)CCCCCCCC)C(C)C","0"
"462.3442281","5.622016667","100_300_Neg_JeansC.mzXML","C26H50O4","CC(C)CCCCCCCOC(=O)CCCCC(=O)OCCCCCCCC(C)C","0"
"462.3442281","5.622016667","100_300_Neg_JeansC.mzXML","C26H50O4","CC(C)CCCCCOC(=O)CCCCCCCCC(=O)OCCCCCC(C)C","0"
"466.2172038","6.230866667","100_300_Neg_JeansC.mzXML","C24H34O9","CCC(COCC(CC)(COC(=O)C=C)COC(=O)C=C)(COC(=O)C=C)COC(=O)C=C","0"
"466.2172038","6.230866667","100_300_Neg_JeansC.mzXML","C24H34O9","OCCCCCCCCCCCCO.OC(=O)\C=C\C(O)=O.O=C1OC(=O)c2ccccc12","-4.4879757063025"
"469.2842712","8.720733333","100_300_Neg_JeansF.mzXML","C19H41N4O9","OCCNCCO.OCCNCCO.OC(=O)CCOCC[N+]1(CCN=C1)CCC(O)=O","-3.92586944"
"469.2842712","8.720733333","100_300_Neg_JeansF.mzXML","C19H41N4O9","OCCNCCO.OCCNCCO.OC(=O)CCOCC[N+]1(CCN=C1)CCC(O)=O","-3.92586944"
"471.2792257","8.749683333","100_300_Neg_JeansF.mzXML","C24H41NO8","CCCCOC(=O)C=C.COC(=O)C(C)=C.CC(C)COCNC(=O)C=C.CC(=C)C(O)=O","0"
"471.2792257","8.749683333","100_300_Neg_JeansF.mzXML","C24H42O4S","CCCCCCCCCc1cc(cc(O)c1CCCCCCCCC)[S](O)(=O)=O","0"
"471.3322856","7.291566667","100_300_Neg_JeansF.mzXML","C26H50O8","CCCCOCCOCCOC(=O)CCCCCCCCC(=O)OCCOCCOCCCC","0.018695647"
"473.2825724","8.7443","100_300_Neg_JeansA.mzXML","C28H43O4P","CCCCCCCCCCCCCCCCO[P](=O)(Oc1ccccc1)Oc2ccccc2","0"
"473.2825724","8.7443","100_300_Neg_JeansA.mzXML","C29H42O3","CC(C)(C)c1ccc(OC(=O)c2cc(c(O)c(c2)C(C)(C)C)C(C)(C)C)c(c1)C(C)(C)C","0"
"474.2859294","8.7443","100_300_Neg_JeansA.mzXML","C28H43O4P","CCCCCCCCCCCCCCCCO[P](=O)(Oc1ccccc1)Oc2ccccc2","0"
"474.2859294","8.7443","100_300_Neg_JeansA.mzXML","C29H42O3","CC(C)(C)c1ccc(OC(=O)c2cc(c(O)c(c2)C(C)(C)C)C(C)(C)C)c(c1)C(C)(C)C","0"
"474.2859294","8.7443","100_300_Neg_JeansA.mzXML","C31H42ClN3","[Cl-].CCN(CC)c1ccc(cc1)[C+](c2ccc(cc2)N(CC)CC)c3ccc(cc3)N(CC)CC","-0.285975457985913"
"475.1976624","4.67455","100_300_Neg_JeansA.mzXML","C29H33ClN2O3","[Cl-].CCN(CC)c1ccc2c(c1)[o+]c3cc(ccc3c2c4ccccc4C(=O)OC)N(CC)CC","-0.52321606949366"
"475.1976624","4.67455","100_300_Neg_JeansA.mzXML","C31H26N2O3","CCCCc1ccc(Nc2ccc(NC(=O)c3ccccc3)c4C(=O)c5ccccc5C(=O)c24)cc1","-2.82181288849863"
"475.3279521","7.852366667","100_300_Neg_JeansG.mzXML","C25H48O8","CCCCOCCOCCOC(=O)CCCCCCCC(=O)OCCOCCOCCCC","0"
"475.3279521","7.852366667","100_300_Neg_JeansG.mzXML","C24H46O6","CCCCCCCCC(=O)OCCOCCOCCOC(=O)CCCCCCCC","-0.0170302278651224"
"475.3279521","7.852366667","100_300_Neg_JeansG.mzXML","C24H46O6","CCCCCCCCCCCCCCCCCC(=O)OCC(O)[C@H]1OC[C@@H](O)[C@@H]1O","-0.0170302278651224"
"475.3279521","7.852366667","100_300_Neg_JeansG.mzXML","C24H46O6","CCCCCCCCCC(=O)OCCOCCOCCOC(=O)CCCCCCC","-0.0170302278651224"
"475.3279521","7.852366667","100_300_Neg_JeansG.mzXML","C24H46O6","CCC(CO)CCCCOC(=O)CCCCCCC(=O)OCCCCC(CC)CO","-0.0170302278651224"
"481.15684","7.8349","100_300_Neg_JeansC.mzXML","C25H24N2O8","CC(COCCN1C(=O)c2ccccc2C1=O)COCCN3C(=O)c4ccc(cc4C3=O)C(O)=O","0.02060266297121"
"481.15684","7.8349","100_300_Neg_JeansC.mzXML","C31H26O3","CC(=C)c1ccccc1Oc2ccc(cc2)C(=O)c3ccc(Oc4ccccc4C(C)=C)cc3","0"
"481.15684","7.8349","100_300_Neg_JeansC.mzXML","C30H26O7","Oc1cc(OCCOCCOc2ccc(c(O)c2)C(=O)c3ccccc3)ccc1C(=O)c4ccccc4","-0.525659649139114"
"483.3328756","7.610866667","100_300_Neg_JeansF.mzXML","C27H48O7","CCCCCCCCCCCCOC(=O)C(C)=C.COC(=O)C(C)=C.CC(=C)C(=O)OCCO","0.777615206"
"486.4165039","10.96568333","100_300_Neg_JeansF.mzXML","C30H58O2","CCCCCCCCCCCCOC(=O)CCCCCCC\C=C\CCCCCCCC","0"
"486.4165039","10.96568333","100_300_Neg_JeansF.mzXML","C30H58O2","CCCCCCCCCCCCOC(=O)CCCCCCC\C=C/CCCCCCCC","0"
"490.3753357","6.2892","100_300_Neg_JeansC.mzXML","C28H54O4","CCCCCCCCCOC(=O)CCCCCCCCC(=O)OCCCCCCCCC","0"
"490.3753357","6.2892","100_300_Neg_JeansC.mzXML","C28H54O4","CCCCC(CC)COC(=O)CCCCCCCCCCC(=O)OCC(CC)CCCC","0"
"492.354716","5.506583333","100_300_Neg_JeansC.mzXML","C27H52O5","CCCCCCCCCCCC(=O)OCC(O)COC(=O)CCCCCCCCCCC","0"
"492.354716","5.506583333","100_300_Neg_JeansC.mzXML","C27H52O5","CCCCCCCCCCCC(=O)OCC(CO)OC(=O)CCCCCCCCCCC","0"
"492.354716","5.506583333","100_300_Neg_JeansC.mzXML","C24H49NO6","CCCCCCC(O)C\C=C/CCCCCCCC(O)=O.OCCN(CCO)CCO","-1.63089907883068"
"492.354716","5.506583333","100_300_Neg_JeansC.mzXML","C31H51ClO2","CC(C)CCC[C@@H](C)[C@H]1C[C@H](OC(=O)CCCCl)[C@@H]2[C@@H]3CC=C4CCCC[C@@]4(C)[C@H]3CC[C@@]12C","-3.16755851850554"
"497.3156535","11.91401667","100_300_Neg_JeansC.mzXML","C18H48BN3O12","OCCN(CCO)CCO.OCCN(CCO)CCO.OCCN(CCO)CCO.OB(O)O","-4.251951803"
